xDId,xDNumPoints,xDUsuId,xDSdk,xDSerie,xDAndroV,xDManufact
152,217,162,26,SM-C5000,Oreo - 8,Samsung
155,54,165,27,SNE-LX3,Oreo - 8,Huawei
156,97,166,26,ATU-L21,Oreo - 8,Huawei
646,2,653,24,Redmi Note 4,Nougat - 7,Xiaomi
158,22,168,27,SM-J730G,Oreo - 8,Samsung
159,165,169,26,SM-G570M,Oreo - 8,Samsung
660,1,667,24,SM-G950F,Nougat - 7,Samsung
161,372,171,26,ANE-LX3,Oreo - 8,Huawei
986,5,986,24,SM-G925F,Nougat - 7,Samsung
163,68,173,27,SM-J701M,Oreo - 8,Samsung
166,42,176,26,SM-G9600,Oreo - 8,Samsung
286,2,295,24,E6683,Nougat - 7,Sony
477,10,486,25,Redmi 4A,Nougat - 7,Xiaomi
933,7,936,24,SM-N920T,Nougat - 7,Samsung
992,11,992,24,SM-G925I,Nougat - 7,Samsung
171,130,181,26,RNE-L23,Oreo - 8,Huawei
434,13,443,25,Redmi 5A,Nougat - 7,Xiaomi
348,15,357,24,SM-G930F,Nougat - 7,Samsung
793,6,797,24,SM-G950F,Nougat - 7,Samsung
177,107,187,26,SM-G935T,Oreo - 8,Samsung
639,22,646,24,TRT-L53,Nougat - 7,Huawei
179,15,189,27,SM-G610M,Oreo - 8,Samsung
180,2732,190,26,ANE-LX3,Oreo - 8,Huawei
710,24,715,24,Redmi Note 4,Nougat - 7,Xiaomi
185,70,195,27,SM-J710MN,Oreo - 8,Samsung
791,34,795,25,Redmi 4A,Nougat - 7,Xiaomi
187,45,197,26,SM-J600G,Oreo - 8,Samsung
188,211,198,26,ANE-LX3,Oreo - 8,Huawei
840,10,843,25,SM-J250M,Nougat - 7,Samsung
190,1176,200,26,SM-A520F,Oreo - 8,Samsung
192,1219,202,26,F8331,Oreo - 8,Sony
193,71,203,26,SM-G935F,Oreo - 8,Samsung
194,1073,204,26,XT1710-02,Oreo - 8,Motorola
195,75,205,26,SM-G950F,Oreo - 8,Samsung
346,53,355,24,SM-G950U,Nougat - 7,Samsung
198,20,208,27,SM-G610F,Oreo - 8,Samsung
199,52,209,27,SM-G610M,Oreo - 8,Samsung
528,16,537,25,SM-J250M,Nougat - 7,Samsung
202,142,212,27,SNE-LX3,Oreo - 8,Huawei
203,23,213,26,FIG-LX3,Oreo - 8,Huawei
204,525,214,26,FLA-LX3,Oreo - 8,Huawei
205,2879,215,26,ANE-LX3,Oreo - 8,Huawei
206,33,216,27,SM-J530G,Oreo - 8,Samsung
207,86,217,26,BLA-A09,Oreo - 8,Huawei
209,10,219,26,SM-G611M,Oreo - 8,Samsung
210,446,220,26,FLA-LX3,Oreo - 8,Huawei
211,824,221,26,SM-N950F,Oreo - 8,Samsung
212,126,222,26,ANE-LX3,Oreo - 8,Huawei
954,23,956,24,Redmi Note 4,Nougat - 7,Xiaomi
325,49,334,25,SM-J250M,Nougat - 7,Samsung
215,13,225,26,SM-N950F,Oreo - 8,Samsung
216,15,226,27,SNE-LX3,Oreo - 8,Huawei
219,19,229,26,G3223,Oreo - 8,Sony
220,1726,230,26,FIG-LX3,Oreo - 8,Huawei
221,15,231,26,FIG-LX3,Oreo - 8,Huawei
222,65,232,26,SM-J600G,Oreo - 8,Samsung
223,91,233,26,SM-G950F,Oreo - 8,Samsung
224,96,234,26,RNE-L03,Oreo - 8,Huawei
225,197,235,26,SM-A520F,Oreo - 8,Samsung
226,48,236,26,ANE-LX3,Oreo - 8,Huawei
227,8,237,27,SM-J730G,Oreo - 8,Samsung
228,5,238,26,FIG-LX3,Oreo - 8,Huawei
229,55,239,26,SM-J810M,Oreo - 8,Samsung
230,13,240,27,TA-1053,Oreo - 8,Nokia
231,10,241,22,C6903,Lollipop - 5,Sony
233,178,243,26,SM-A720F,Oreo - 8,Samsung
234,22,244,26,ANE-LX2,Oreo - 8,Huawei
235,5,245,26,ANE-LX3,Oreo - 8,Huawei
236,49,246,26,ANE-LX3,Oreo - 8,Huawei
240,56,250,27,SM-J710MN,Oreo - 8,Samsung
189,54,199,24,HTC Desire 550,Nougat - 7,HTC
243,2,253,27,Redmi Note 5,Oreo - 8,Xiaomi
652,18,659,25,SM-J250M,Nougat - 7,Samsung
245,93,255,25,Redmi 4X,Nougat - 7,Xiaomi
246,105,225,26,SM-G960F,Oreo - 8,Samsung
247,8634,256,22,SM-G800F,Lollipop - 5,Samsung
436,10,445,23,SM-A500M,Marshmallow - 6,Samsung
486,19,495,23,4034A,Marshmallow - 6,Alcatel
253,73,262,26,RNE-L23,Oreo - 8,Huawei
463,25,472,23,BLL-L23,Marshmallow - 6,Huawei
272,278,281,26,SM-J720M,Oreo - 8,Samsung
274,24,283,27,Redmi Note 6 Pro,Oreo - 8,Xiaomi
275,16150,284,22,SM-J111M,Lollipop - 5,Samsung
277,10860,286,22,X1,Lollipop - 5,Vivo
214,186,224,24,Alcatel_5044R,Nougat - 7,Alcatel
279,563,288,26,FIG-LX3,Oreo - 8,Huawei
280,141,289,27,DRA-LX3,Oreo - 8,Huawei
281,43,290,26,ANE-LX3,Oreo - 8,Huawei
284,134,293,27,SM-J530G,Oreo - 8,Samsung
321,23,330,23,LG-X230,Marshmallow - 6,LG
489,140,498,24,SM-A510M,Nougat - 7,Samsung
785,131,790,25,SM-J250M,Nougat - 7,Samsung
706,278,711,25,TA-1039,Nougat - 7,Nokia
291,664,300,26,ANE-LX3,Oreo - 8,Huawei
292,23,301,27,SM-G610M,Oreo - 8,Samsung
542,26,551,23,SM-J106B,Marshmallow - 6,Samsung
357,11,366,23,6055B,Marshmallow - 6,Alcatel
337,306,346,24,G3313,Nougat - 7,Sony
298,3039,307,26,FLA-LX3,Oreo - 8,Huawei
186,307,196,24,TRT-L53,Nougat - 7,Huawei
301,401,310,22,SM-J111M,Lollipop - 5,Samsung
734,63,739,23,SM-J500M,Marshmallow - 6,Samsung
304,1180,313,21,SM-G900V,Lollipop - 5,Samsung
302,59,311,23,HUAWEI VNS-L23,Marshmallow - 6,Huawei
307,187,316,27,SM-G610M,Oreo - 8,Samsung
1015,138,1014,25,H3321,Nougat - 7,Sony
565,63,574,23,SM-J106B,Marshmallow - 6,Samsung
310,387,319,22,SM-J320M,Lollipop - 5,Samsung
968,46,970,23,4034A,Marshmallow - 6,Alcatel
312,186,321,22,SM-J200M,Lollipop - 5,Samsung
603,402,610,24,SM-G935F,Nougat - 7,Samsung
316,1262,325,26,FIG-LX3,Oreo - 8,Huawei
318,7265,327,21,ALE-L23,Lollipop - 5,Huawei
319,16,328,26,SM-G570M,Oreo - 8,Samsung
320,2474,329,22,SM-G360T1,Lollipop - 5,Samsung
352,69,361,23,SM-J500M,Marshmallow - 6,Samsung
497,55,506,23,SM-C5000,Marshmallow - 6,Samsung
323,341,332,26,RNE-L23,Oreo - 8,Huawei
313,430,322,25,SM-J250M,Nougat - 7,Samsung
725,591,730,24,SM-G610M,Nougat - 7,Samsung
327,22,336,26,SM-J600G,Oreo - 8,Samsung
929,66,932,23,SM-J700H,Marshmallow - 6,Samsung
329,43,338,26,SM-G570M,Oreo - 8,Samsung
331,62,340,22,HUAWEI LUA-L03,Lollipop - 5,Huawei
336,126,345,26,SM-A720F,Oreo - 8,Samsung
391,325,400,25,E5803,Nougat - 7,Sony
338,315,347,21,SM-G530H,Lollipop - 5,Samsung
572,224,581,24,Redmi Note 4,Nougat - 7,Xiaomi
341,40,350,27,SM-J530G,Oreo - 8,Samsung
342,3,351,22,HUAWEI CUN-U29,Lollipop - 5,Huawei
345,62,354,26,ATU-LX3,Oreo - 8,Huawei
290,690,299,24,F3113,Nougat - 7,Sony
488,575,497,24,HUAWEI CAN-L13,Nougat - 7,Huawei
162,474,172,24,E6603,Nougat - 7,Sony
349,5,358,27,SM-J710MN,Oreo - 8,Samsung
351,35,360,26,SM-A910F,Oreo - 8,Samsung
594,94,601,23,MYA-L23,Marshmallow - 6,Huawei
395,557,404,24,SM-J730G,Nougat - 7,Samsung
354,18,363,26,ANE-LX3,Oreo - 8,Huawei
930,121,933,23,SM-G532M,Marshmallow - 6,Samsung
800,122,804,23,SM-G532M,Marshmallow - 6,Samsung
358,452,367,22,BLU Advance 5.0,Lollipop - 5,Blu
823,84,827,23,SM-G610F,Marshmallow - 6,Samsung
360,1,369,26,RNE-L23,Oreo - 8,Huawei
361,252,370,21,ALE-L23,Lollipop - 5,Huawei
1025,275,1024,24,G3313,Nougat - 7,Sony
169,601,179,25,Mi A1,Nougat - 7,Xiaomi
364,603,373,21,ALE-L23,Lollipop - 5,Huawei
365,67,374,26,SM-J600G,Oreo - 8,Samsung
366,36,375,27,SM-G610M,Oreo - 8,Samsung
367,132,376,26,PRA-LX3,Oreo - 8,Huawei
368,880,377,24,SM-J701M,Nougat - 7,Samsung
369,17,378,26,ANE-LX3,Oreo - 8,Huawei
492,180,501,23,SM-G570F,Marshmallow - 6,Samsung
372,64,381,26,SM-G570M,Oreo - 8,Samsung
374,235,383,27,SM-J710MN,Oreo - 8,Samsung
305,187,314,25,SM-J250M,Nougat - 7,Samsung
160,1015,170,25,E5803,Nougat - 7,Sony
390,405,399,24,F3113,Nougat - 7,Sony
381,14,390,27,Redmi S2,Oreo - 8,Xiaomi
382,368,391,26,TA-1025,Oreo - 8,Nokia
383,18,392,22,SM-J320M,Lollipop - 5,Samsung
385,525,394,26,SM-A600GN,Oreo - 8,Samsung
388,88,397,26,FIG-LX1,Oreo - 8,Huawei
389,1559,398,26,ANE-LX3,Oreo - 8,Huawei
515,263,524,25,SM-T550,Nougat - 7,Samsung
731,993,736,24,SM-G610M,Nougat - 7,Samsung
392,1,401,26,RNE-L23,Oreo - 8,Huawei
393,994,402,22,SM-J200H,Lollipop - 5,Samsung
289,876,298,24,E6683,Nougat - 7,Sony
984,1225,984,24,LG-M400,Nougat - 7,LG
429,39,438,22,C1,Lollipop - 5,Realme
431,97,440,26,FIG-LX3,Oreo - 8,Huawei
432,2405,441,22,GO1005,Lollipop - 5,TomTom
778,667,783,25,SM-J510MN,Nougat - 7,Samsung
435,186,444,26,G3123,Oreo - 8,Sony
359,151,368,23,MYA-L23,Marshmallow - 6,Huawei
437,16,446,21,SM-G900F,Lollipop - 5,Samsung
438,102,447,27,SM-G610M,Oreo - 8,Samsung
441,122,450,27,SM-J730GM,Oreo - 8,Samsung
442,308,451,26,ATU-LX3,Oreo - 8,Huawei
444,21,453,27,SM-J530G,Oreo - 8,Samsung
445,132,454,26,LDN-LX3,Oreo - 8,Huawei
454,74,463,26,SM-A520F,Oreo - 8,Samsung
455,31,464,27,SNE-LX3,Oreo - 8,Huawei
456,86,465,26,SM-G570M,Oreo - 8,Samsung
460,21,469,27,MI 8 Lite,Oreo - 8,Xiaomi
462,136,471,27,SM-G610M,Oreo - 8,Samsung
665,267,672,23,HUAWEI VNS-L23,Marshmallow - 6,Huawei
464,23,473,26,PRA-LX3,Oreo - 8,Huawei
969,1300,971,24,LG-M400,Nougat - 7,LG
466,38,475,27,SM-J710MN,Oreo - 8,Samsung
467,25,476,26,SM-G570M,Oreo - 8,Samsung
470,994,479,21,ALE-L23,Lollipop - 5,Huawei
472,88,481,26,SM-G930T1,Oreo - 8,Samsung
473,10,482,26,HTC U Ultra,Oreo - 8,HTC
475,119,484,26,ANE-LX3,Oreo - 8,Huawei
801,1464,805,24,LG-M400,Nougat - 7,LG
271,194,280,23,SM-J106B,Marshmallow - 6,Samsung
935,141,938,23,SM-J500M,Marshmallow - 6,Samsung
491,339,500,23,HUAWEI VNS-L23,Marshmallow - 6,Huawei
482,13,491,26,SM-A600GN,Oreo - 8,Samsung
556,388,565,23,SM-J700H,Marshmallow - 6,Samsung
654,904,661,24,SM-G570M,Nougat - 7,Samsung
340,977,349,25,SM-J250M,Nougat - 7,Samsung
478,235,487,23,SM-G532M,Marshmallow - 6,Samsung
538,250,547,23,D6503,Marshmallow - 6,Sony
493,4,502,27,SNE-LX3,Oreo - 8,Huawei
494,84,503,27,SM-G610M,Oreo - 8,Samsung
495,48,504,27,SM-J500M,Oreo - 8,Samsung
306,80,315,23,SM-G900M,Marshmallow - 6,Samsung
498,134,507,21,ALE-L23,Lollipop - 5,Huawei
499,9,508,27,Redmi Note 5,Oreo - 8,Xiaomi
502,10,511,27,SNE-LX3,Oreo - 8,Huawei
503,123,512,26,ANE-LX3,Oreo - 8,Huawei
504,118,513,22,SM-J700M,Lollipop - 5,Samsung
505,930,514,22,SM-J110M,Lollipop - 5,Samsung
506,615,515,26,G3123,Oreo - 8,Sony
507,34,516,26,RNE-L23,Oreo - 8,Huawei
183,1110,193,24,LG-M400,Nougat - 7,LG
985,1987,985,24,LG-M400,Nougat - 7,LG
516,123,525,26,SM-J400M,Oreo - 8,Samsung
523,197,532,26,SM-J400M,Oreo - 8,Samsung
525,17,534,26,ANE-LX3,Oreo - 8,Huawei
526,1,535,22,SM-J320M,Lollipop - 5,Samsung
529,289,538,26,SM-G955F,Oreo - 8,Samsung
531,46,540,26,PRA-LX3,Oreo - 8,Huawei
535,59,544,26,RNE-L23,Oreo - 8,Huawei
661,578,668,23,E5606,Marshmallow - 6,Sony
1024,625,1023,23,SM-G610M,Marshmallow - 6,Samsung
784,500,789,23,E2306,Marshmallow - 6,Sony
640,995,647,23,SM-G532M,Marshmallow - 6,Samsung
541,24,550,27,SM-J530G,Oreo - 8,Samsung
673,979,680,23,SM-G532M,Marshmallow - 6,Samsung
543,909,552,26,BAC-L23,Oreo - 8,Huawei
544,733,553,21,SM-G530H,Lollipop - 5,Samsung
545,375,554,26,ANE-LX3,Oreo - 8,Huawei
547,48,556,27,SNE-LX3,Oreo - 8,Huawei
636,1956,643,24,G3313,Nougat - 7,Sony
551,9,560,27,Redmi 5 Plus,Oreo - 8,Xiaomi
553,160,562,26,SM-G570M,Oreo - 8,Samsung
554,52,563,26,SM-G570M,Oreo - 8,Samsung
997,259,997,23,BLL-L23,Marshmallow - 6,Huawei
561,6,570,26,SM-G950F,Oreo - 8,Samsung
328,1233,337,23,SM-G532M,Marshmallow - 6,Samsung
588,1056,597,23,D6603,Marshmallow - 6,Sony
567,19,576,26,ANE-LX3,Oreo - 8,Huawei
569,875,578,22,SAMSUNG-SM-G920A,Lollipop - 5,Samsung
571,33,580,26,SM-A750G,Oreo - 8,Samsung
961,1393,963,24,LG-M400,Nougat - 7,LG
539,978,548,23,SM-G610M,Marshmallow - 6,Samsung
574,478,583,23,SM-G930P,Marshmallow - 6,Samsung
979,1408,968,24,LG-M400,Nougat - 7,LG
962,869,964,23,F3313,Marshmallow - 6,Sony
581,126,590,26,SM-J600G,Oreo - 8,Samsung
965,1114,967,24,LG-M400,Nougat - 7,LG
583,30,592,26,SM-G950F,Oreo - 8,Samsung
584,197,593,26,ANE-LX3,Oreo - 8,Huawei
696,1448,701,23,SM-J500M,Marshmallow - 6,Samsung
586,48,595,27,SM-J710MN,Oreo - 8,Samsung
642,1240,649,23,SM-J700M,Marshmallow - 6,Samsung
479,1508,488,23,SM-G610M,Marshmallow - 6,Samsung
577,1150,586,23,SM-N910C,Marshmallow - 6,Samsung
590,1313,599,26,RNE-L23,Oreo - 8,Huawei
592,5341,245,21,SM-G900V,Lollipop - 5,Samsung
593,3,600,26,ANE-LX3,Oreo - 8,Huawei
250,2501,259,23,SAMSUNG-SM-J120A,Marshmallow - 6,Samsung
595,42,602,26,ANE-LX3,Oreo - 8,Huawei
955,1737,957,23,SM-G610M,Marshmallow - 6,Samsung
601,86,608,27,SM-J415F,Oreo - 8,Samsung
711,1985,716,25,SM-J510MN,Nougat - 7,Samsung
989,2744,989,24,LG-M400,Nougat - 7,LG
309,2662,318,23,SM-G532M,Marshmallow - 6,Samsung
605,5,612,27,SNE-LX3,Oreo - 8,Huawei
606,997,613,21,ALE-L23,Lollipop - 5,Huawei
607,329,614,26,ANE-LX3,Oreo - 8,Huawei
610,1,617,26,FIG-LX3,Oreo - 8,Huawei
614,1449,621,26,ANE-LX3,Oreo - 8,Huawei
615,2409,622,26,F8131,Oreo - 8,Sony
626,3,633,27,TA-1044,Oreo - 8,Nokia
709,1808,714,23,MYA-L23,Marshmallow - 6,Huawei
981,1623,981,24,LG-M400,Nougat - 7,LG
632,2,639,26,FLA-LX3,Oreo - 8,Huawei
178,2904,188,24,F3113,Nougat - 7,Sony
635,190,642,26,SM-J810M,Oreo - 8,Samsung
582,1983,591,24,SM-G925I,Nougat - 7,Samsung
394,1297,403,24,HUAWEI CAN-L13,Nougat - 7,Huawei
783,9,788,23,SM-J320V,Marshmallow - 6,Samsung
644,68,651,26,SM-A720F,Oreo - 8,Samsung
645,26,652,27,LM-Q710(FGN),Oreo - 8,LG
380,2119,389,24,SM-A510M,Nougat - 7,Samsung
314,2288,323,25,SM-J250M,Nougat - 7,Samsung
982,1684,982,24,G3313,Nougat - 7,Sony
649,625,656,26,FIG-LX3,Oreo - 8,Huawei
634,2058,641,24,SM-J730G,Nougat - 7,Samsung
736,3828,741,23,SM-G610M,Marshmallow - 6,Samsung
176,2299,186,24,TRT-L53,Nougat - 7,Huawei
548,3913,557,24,Moto G (4),Nougat - 7,Motorola
655,8,662,26,ATU-LX3,Oreo - 8,Huawei
658,16,665,27,Redmi Note 5,Oreo - 8,Xiaomi
659,35,666,26,SM-G570M,Oreo - 8,Samsung
901,4106,904,24,SM-J710MN,Nougat - 7,Samsung
980,2439,980,23,SM-G610M,Marshmallow - 6,Samsung
662,57,669,26,FIG-LX3,Oreo - 8,Huawei
664,9,671,27,Redmi Note 5,Oreo - 8,Xiaomi
579,1699,588,23,SM-J500M,Marshmallow - 6,Samsung
666,94,673,27,SM-G610M,Oreo - 8,Samsung
667,907,674,22,SM-N910V,Lollipop - 5,Samsung
604,1941,611,23,BLL-L23,Marshmallow - 6,Huawei
672,3900,679,23,SM-G532M,Marshmallow - 6,Samsung
674,64,681,27,SM-G610M,Oreo - 8,Samsung
675,1,682,26,SM-A520F,Oreo - 8,Samsung
677,1,213,26,SM-N950F,Oreo - 8,Samsung
678,1,684,27,SM-J530G,Oreo - 8,Samsung
679,35,315,27,SNE-LX3,Oreo - 8,Huawei
680,167,685,26,SM-G960U1,Oreo - 8,Samsung
686,3120,691,21,SM-G900V,Lollipop - 5,Samsung
692,280,697,27,SM-G610M,Oreo - 8,Samsung
322,3512,331,23,F3313,Marshmallow - 6,Sony
694,185,699,26,RNE-L23,Oreo - 8,Huawei
695,1972,700,21,ALE-L23,Lollipop - 5,Huawei
797,2451,801,23,SM-G532M,Marshmallow - 6,Samsung
697,50,702,26,ATU-LX3,Oreo - 8,Huawei
705,12104,710,26,SM-G955F,Oreo - 8,Samsung
714,2069,719,24,SM-G925I,Nougat - 7,Samsung
708,3039,713,26,ATU-LX3,Oreo - 8,Huawei
311,4351,320,23,MYA-L03,Marshmallow - 6,Huawei
650,5224,657,24,SM-G925T,Nougat - 7,Samsung
440,5772,449,24,SM-N920C,Nougat - 7,Samsung
950,2134,950,24,LG-M400,Nougat - 7,LG
720,99,725,26,SM-G950F,Oreo - 8,Samsung
721,1229,726,26,SM-G9650,Oreo - 8,Samsung
722,1212,727,27,SM-J701M,Oreo - 8,Samsung
953,1692,955,24,G3313,Nougat - 7,Sony
598,5842,605,24,F3113,Nougat - 7,Sony
726,3298,731,26,FIG-LX3,Oreo - 8,Huawei
727,308,732,26,SM-G9600,Oreo - 8,Samsung
241,2876,251,25,SM-J250M,Nougat - 7,Samsung
729,145,734,26,RNE-L23,Oreo - 8,Huawei
377,7470,386,24,G3313,Nougat - 7,Sony
509,1669,518,24,G3313,Nougat - 7,Sony
648,2931,655,25,Nexus 9,Nougat - 7,HTC
481,3960,490,23,SM-J500M,Marshmallow - 6,Samsung
735,486,740,26,SM-G935T,Oreo - 8,Samsung
537,4060,546,23,SM-G532M,Marshmallow - 6,Samsung
738,332,743,26,SM-J810M,Oreo - 8,Samsung
278,1072,287,24,SM-N920T,Nougat - 7,Samsung
740,238,745,26,ANE-LX3,Oreo - 8,Huawei
741,75,746,27,SM-J530G,Oreo - 8,Samsung
743,12270,748,22,D2305,Lollipop - 5,Sony
744,276,749,26,SM-G570M,Oreo - 8,Samsung
745,12,750,27,Redmi 6,Oreo - 8,Xiaomi
747,3555,752,22,SM-G800F,Lollipop - 5,Samsung
749,11303,754,22,SM-T285,Lollipop - 5,Samsung
751,3261,756,21,ALE-L23,Lollipop - 5,Huawei
752,1181,757,26,ANE-LX3,Oreo - 8,Huawei
769,5361,774,24,F3113,Nougat - 7,Sony
355,4071,364,23,D5803,Marshmallow - 6,Sony
755,1096,760,26,ANE-LX3,Oreo - 8,Huawei
168,2671,178,24,TRT-L53,Nougat - 7,Huawei
760,383,765,26,FLA-LX3,Oreo - 8,Huawei
761,78,766,26,ANE-LX3,Oreo - 8,Huawei
763,4,768,27,MI 8 Lite,Oreo - 8,Xiaomi
829,984,832,24,SM-G930F,Nougat - 7,Samsung
596,3093,603,23,E2306,Marshmallow - 6,Sony
768,69,773,27,MI 8 Lite,Oreo - 8,Xiaomi
170,6952,180,24,G3313,Nougat - 7,Sony
770,818,775,26,ANE-LX3,Oreo - 8,Huawei
213,4265,223,24,FRD-L09,Nougat - 7,Huawei
244,6171,254,24,SM-G610M,Nougat - 7,Samsung
831,1198,834,24,F3113,Nougat - 7,Sony
776,793,781,26,PRA-LX3,Oreo - 8,Huawei
777,2406,782,21,ALE-L23,Lollipop - 5,Huawei
779,106,784,27,SM-J730G,Oreo - 8,Samsung
196,5369,206,24,HUAWEI VNS-L31,Nougat - 7,Huawei
781,125,786,26,SM-G935F,Oreo - 8,Samsung
238,3238,248,23,D6653,Marshmallow - 6,Sony
496,3009,505,23,F3313,Marshmallow - 6,Sony
514,5205,523,24,F3113,Nougat - 7,Sony
787,1224,792,27,SNE-LX3,Oreo - 8,Huawei
347,2693,356,25,SM-J510MN,Nougat - 7,Samsung
790,413,658,26,ANE-LX3,Oreo - 8,Huawei
773,5316,778,24,F3113,Nougat - 7,Sony
792,487,796,26,SM-G9600,Oreo - 8,Samsung
753,3346,758,24,Alcatel_5044R,Nougat - 7,Alcatel
612,6590,619,23,SM-J106B,Marshmallow - 6,Samsung
174,10800,184,24,SM-A310F,Nougat - 7,Samsung
294,3760,303,23,E6553,Marshmallow - 6,Sony
799,1703,803,21,SM-G900V,Lollipop - 5,Samsung
754,8042,759,23,SM-G532M,Marshmallow - 6,Samsung
465,16336,474,24,SM-G925I,Nougat - 7,Samsung
803,985,807,26,SM-N950F,Oreo - 8,Samsung
157,11461,167,24,SM-G925F,Nougat - 7,Samsung
807,3,811,26,FIG-LX3,Oreo - 8,Huawei
809,1,813,27,SM-J530G,Oreo - 8,Samsung
813,71,817,26,ANE-LX3,Oreo - 8,Huawei
814,55,818,27,SM-G610M,Oreo - 8,Samsung
815,463,819,26,FIG-LX3,Oreo - 8,Huawei
816,2339,820,26,ATU-LX3,Oreo - 8,Huawei
794,4682,798,23,SM-G532M,Marshmallow - 6,Samsung
818,450,822,26,SM-A520F,Oreo - 8,Samsung
820,49,824,27,SM-J730GM,Oreo - 8,Samsung
248,9438,257,23,MYA-L23,Marshmallow - 6,Huawei
824,193,828,26,BLA-A09,Oreo - 8,Huawei
825,2534,829,21,ALE-L23,Lollipop - 5,Huawei
826,6242,830,22,SM-J111M,Lollipop - 5,Samsung
828,16,831,26,ATU-LX3,Oreo - 8,Huawei
153,6487,163,24,TRT-L53,Nougat - 7,Huawei
363,6356,372,25,SM-J510MN,Nougat - 7,Samsung
832,652,835,22,SM-J320M,Lollipop - 5,Samsung
299,3072,308,25,SM-J510MN,Nougat - 7,Samsung
912,3749,915,23,SM-J700M,Marshmallow - 6,Samsung
835,1573,838,26,SM-J600G,Oreo - 8,Samsung
836,158,839,26,ANE-LX3,Oreo - 8,Huawei
837,8,840,26,SM-J400M,Oreo - 8,Samsung
838,1,841,27,SM-G610M,Oreo - 8,Samsung
628,1814,635,24,SM-G570M,Nougat - 7,Samsung
285,8236,294,23,EVA-L09,Marshmallow - 6,Huawei
585,7527,594,23,MYA-L23,Marshmallow - 6,Huawei
733,10254,738,24,SM-J730GM,Nougat - 7,Samsung
300,5497,309,24,SM-G920I,Nougat - 7,Samsung
898,1603,901,21,SM-G900V,Lollipop - 5,Samsung
900,20,903,27,SM-J730G,Oreo - 8,Samsung
353,25666,362,24,HUAWEI VNS-L23,Nougat - 7,Huawei
910,2832,913,26,SM-J600G,Oreo - 8,Samsung
911,1720,914,26,ANE-LX3,Oreo - 8,Huawei
587,6762,596,23,SM-J106B,Marshmallow - 6,Samsung
765,16495,770,23,CRO-L23,Marshmallow - 6,Huawei
916,4,919,26,SM-G570M,Oreo - 8,Samsung
918,10,921,26,SM-J810M,Oreo - 8,Samsung
921,12,924,22,HUAWEI LUA-U23,Lollipop - 5,Huawei
923,222,926,26,FLA-LX3,Oreo - 8,Huawei
926,966,929,26,ANE-LX3,Oreo - 8,Huawei
927,76,930,26,FLA-LX3,Oreo - 8,Huawei
693,14364,698,23,HUAWEI VNS-L23,Marshmallow - 6,Huawei
915,5558,918,23,F3313,Marshmallow - 6,Sony
578,19418,587,24,SM-G570M,Nougat - 7,Samsung
891,4229,894,23,SM-G800H,Marshmallow - 6,Samsung
936,70,939,22,C1,Lollipop - 5,Realme
940,2520,943,22,SM-G800F,Lollipop - 5,Samsung
943,68,946,26,LDN-LX3,Oreo - 8,Huawei
946,39,949,26,SM-G570M,Oreo - 8,Samsung
947,3,950,19,SM-G316M,KitKat - 4,Samsung
949,2556,952,26,ATU-LX3,Oreo - 8,Huawei
796,10693,800,24,SM-G925F,Nougat - 7,Samsung
951,722,953,26,ANE-LX3,Oreo - 8,Huawei
326,3576,335,24,BLL-L23,Nougat - 7,Huawei
283,4603,292,25,E6603,Nougat - 7,Sony
651,6934,658,23,SM-J106B,Marshmallow - 6,Samsung
956,5,958,26,WAS-LX3,Oreo - 8,Huawei
959,15,961,27,SM-J701M,Oreo - 8,Samsung
960,1993,962,22,SM-G800F,Lollipop - 5,Samsung
896,12462,899,24,SM-N935F,Nougat - 7,Samsung
834,9410,837,23,EVA-L09,Marshmallow - 6,Huawei
963,1410,965,21,SM-G900V,Lollipop - 5,Samsung
201,5328,211,24,SM-J710MN,Nougat - 7,Samsung
966,2,968,19,SM-G316M,KitKat - 4,Samsung
967,2048,969,21,ALE-L23,Lollipop - 5,Huawei
589,12694,598,23,MYA-L23,Marshmallow - 6,Huawei
191,7117,201,24,Lenovo K33b36,Nougat - 7,Lenovo
780,8350,785,24,verykools5702,Nougat - 7,Hipercell
833,26436,836,25,SM-J250M,Nougat - 7,Samsung
172,2865,182,25,SM-J510MN,Nougat - 7,Samsung
817,31703,821,23,HUAWEI VNS-L53,Marshmallow - 6,Huawei
728,2794,733,25,SM-J510MN,Nougat - 7,Samsung
764,1950,769,25,SM-J250M,Nougat - 7,Samsung
362,6408,371,25,H3321,Nougat - 7,Sony
732,6515,737,24,SM-G920I,Nougat - 7,Samsung
308,11068,317,24,SM-G610M,Nougat - 7,Samsung
987,754,987,26,ANE-LX3,Oreo - 8,Huawei
805,5660,809,24,SM-G920I,Nougat - 7,Samsung
990,4179,990,22,SM-G800F,Lollipop - 5,Samsung
991,9,991,27,SM-J710MN,Oreo - 8,Samsung
657,12701,664,24,G3313,Nougat - 7,Sony
627,7956,634,23,SM-G532M,Marshmallow - 6,Samsung
536,17624,545,23,SM-G532M,Marshmallow - 6,Samsung
602,20197,609,24,Vivo 8,Nougat - 7,Blu
1007,27,1007,27,SNE-LX3,Oreo - 8,Huawei
1008,417,1008,22,SM-J320M,Lollipop - 5,Samsung
1009,278,1009,22,SM-J111M,Lollipop - 5,Samsung
1012,37,1012,22,HUAWEI CUN-U29,Lollipop - 5,Huawei
1014,1783,227,21,SM-G900V,Lollipop - 5,Samsung
757,19144,762,24,SM-G610M,Nougat - 7,Samsung
293,42266,302,23,SM-G532M,Marshmallow - 6,Samsung
295,28566,304,24,Redmi Note 4,Nougat - 7,Xiaomi
1026,1076,1025,21,SM-G900V,Lollipop - 5,Samsung
1027,233,1026,22,SM-G800F,Lollipop - 5,Samsung
1029,10365,1028,26,SM-G955F,Oreo - 8,Samsung
1031,1065,1030,22,SM-T285,Lollipop - 5,Samsung
